Title,Rating,Price
"Fun Coloring Book for Kids - Hours of Creative Fun with Animals, ABCs, and More!",4.5,₹199.00
"PROFESSIONAL'S AIBE Exam 25 Bare Acts Set without Notes New Syllabus, Complete Set of 25 Books Combo per BCI Guidelines with ",3.9,No Price
"My First Library: Boxset of 10 Board Books for Kids (Pack 1) | Includes ABC, Numbers, Shapes, Colors, Wild Animals, Farm Anim",4.5,No Price
Examcart KVS & NVS Tier-1 Recruitment Exam Book 2025 By Prateek Shivalik | Latest Exam Pattern Based 15 Practice Sets & Inclu,No Rating,No Price
"AIBE Bare Acts without Notes | 25 Books Set Combo | Full Syllabus with 50+ Acts including New Criminal Laws BNSS, BNS, BSA | ",4.2,No Price
Oswaal CBSE 15 Sample Question Papers Class 10 Science for 2026 Board Exam (As per CBSE Sample Question Paper issued on 30 Ju,4.4,No Price
"PW CBSE Class 10 Sample Papers 2026 | Science, Maths, English, Social Science | 4-Book Combo | Latest SQP",4.7,No Price
"Oswaal CBSE 15 Sample Question Papers Class 10 English, Science, Social Science & Maths Standard (Set of 4 Books) for 2026 Bo",4.4,No Price
Oswaal CBSE 15 Sample Question Papers Class 10 Mathematics Standard for 2026 Board Exam (As per CBSE Sample Question Paper is,4.4,No Price
"White Nights – Fyodor Dostoyevsky | A Million-Copy Bestseller | A Timeless Story of Love, Longing & Solitude – Penguin Classi",4.6,No Price
The Psychology of Money,4.6,No Price
"Educart CBSE Sample Paper Class 10 2025-26 - Science, Mathematics Standard, Social Science & English (Introducing exclusive s",4.5,No Price
"NEW SYLLABUS PROFESSIONAL'S AIBE 23 Bare Acts set without Notes, Set of 23 Books Combo as per Bar Council of India Guidelines",4.2,No Price
Dopamine Detox: A Short Guide to Remove Distractions and Get Your Brain to Do Hard Things,4.4,No Price
Atomic Habits: The life-changing million copy bestseller,4.6,No Price
My First 365 Coloring Book: Jumbo Coloring Book For Kids (With Tear Out Sheets),4.5,No Price
Ayodhya Cherina Krishna - Telugu Novel,4.6,No Price
KVS | NVS |Tier-I Best Book | Sachin Academy | Invincible,No Rating,No Price
My First Book of Patterns Pencil Control: Patterns Practice book for kids (Pattern Writing) |Best Selling Tracing Book for Ki,4.4,No Price
The Power of Your Subconscious Mind: Original Classic Edition | Premium Paperback,4.4,No Price
"KVS-NVS Master Book, Bilingual Tier-1 Exam Guide with 15 Practice Sets, Hindi, English, General Knowledge, Numeric Ability, L",No Rating,No Price
Oswaal CBSE 15 Sample Question Papers Class 10 Social Science for 2026 Board Exam (As per CBSE Sample Question Paper issued o,4.4,No Price
"Courage To Be Disliked, The: How to free yourself, change your life and achieve real happiness",4.5,No Price
Diary of a Wimpy Kid: Partypooper | Hilarious 20th Book in Jeff Kinney’s #1 International Bestseller Series Filled with Birth,4.6,No Price
Animals Tales From Panchtantra: Timeless Stories for Children From Ancient India,4.5,No Price
"Indian Polity Courseware (English), 8e by M Laxmikanth for UPSC CSE 2025-26 | 40+ Conceptual Videos | 95 Well-structured Chap",4.6,No Price
"Sank Magic Practice Copybook, (4 BOOK + 10 REFILL+ 1 Pen +1 Grip) Number Tracing Book for Preschoolers with Pen, Magic Callig",4.0,No Price
"Ikigai: The Japanese Secret to a Long and Happy Life | A Global Self-Help Phenomenon that Guides You Towards a Joyful, Balanc",4.6,No Price
Examcart KVS & NVS Tier-1 Recruitment Exam Book 2025 By Prateek Shivalik | Latest Exam Pattern Based 15 Practice Sets & Inclu,No Rating,No Price
Was I Ever Enough?,4.7,No Price
